<?xml version="1.0" encoding="UTF-8"?>
<jcr:root xmlns:sling="http://sling.apache.org/jcr/sling/1.0" xmlns:cq="http://www.day.com/jcr/cq/1.0" xmlns:jcr="http://www.jcp.org/jcr/1.0" xmlns:nt="http://www.jcp.org/jcr/nt/1.0"
    jcr:isCheckedOut="{Boolean}false"
    jcr:primaryType="cq:WorkflowModel"
    jcr:uuid="cdfc62ed-767d-4498-9494-d556cd04852b"
    sling:resourceType="cq/workflow/components/model"
    description="This workflow manages the update of assets and uses inDesign Server to generate thumbnails of EPS, AI and PDF assets"
    title="DAM Update Asset with IDS Previews">
    <metaData
        cq:generatingPage="/conf/global/settings/workflow/models/ids_previews/jcr:content"
        cq:lastModified="{Long}1522961587851"
        cq:lastModifiedBy="admin"
        jcr:primaryType="nt:unstructured"
        tags="wcm,dam"/>
    <nodes jcr:primaryType="nt:unstructured">
        <node0
            jcr:primaryType="cq:WorkflowNode"
            title="Start"
            type="START">
            <metaData jcr:primaryType="nt:unstructured"/>
        </node0>
        <node1
            jcr:primaryType="cq:WorkflowNode"
            description="IDS Previews"
            title="IDS Previews"
            type="EXTERNAL_PROCESS">
            <metaData
                jcr:primaryType="nt:unstructured"
                advanceOnTimeout="true"
                cleanupScriptPath="/apps/settings/dam/indesign/scripts/EPSCleanup.jsx"
                EXTERNAL_PROCESS="com.day.cq.dam.indd.process.INDDMediaExtractProcess"
                initScriptPath="/apps/settings/dam/indesign/scripts/EPSInit.jsx"
                libPath="/libs/settings/dam/indesign/scripts/cq-lib.jsx"
                linkPath="/links"
                mimeTypes="[application/x-eps,application/postscript,application/eps,image/eps,image/x-eps,application/pdf]"
                period="10"
                PROCESS_ARGS="test"
                PROCESS_AUTO_ADVANCE="true"
                scriptPaths="/apps/settings/dam/indesign/scripts/EPSThumbnailExport.jsx"
                timeout="3600"/>
        </node1>
        <node2
            jcr:primaryType="cq:WorkflowNode"
            title="End"
            type="END">
            <metaData jcr:primaryType="nt:unstructured"/>
        </node2>
    </nodes>
    <transitions jcr:primaryType="nt:unstructured">
        <node0_x0023_node1
            jcr:primaryType="cq:WorkflowTransition"
            from="node0"
            rule=""
            to="node1">
            <metaData jcr:primaryType="nt:unstructured"/>
        </node0_x0023_node1>
        <node1_x0023_node2
            jcr:primaryType="cq:WorkflowTransition"
            from="node1"
            to="node2">
            <metaData jcr:primaryType="nt:unstructured"/>
        </node1_x0023_node2>
    </transitions>
</jcr:root>
