<?xml version="1.0" encoding="UTF-8"?>
<jcr:root xmlns:sling="http://sling.apache.org/jcr/sling/1.0" xmlns:jcr="http://www.jcp.org/jcr/1.0" xmlns:mix="http://www.jcp.org/jcr/mix/1.0" xmlns:rep="internal"
    jcr:mixinTypes="[mix:lockable,rep:AccessControllable]"
    jcr:primaryType="sling:OrderedFolder">
    <rep:policy/>
    <jcr:content/>
    <collections/>
    <catalogs/>
    <geometrixx-outdoors/>
    <geometrixx/>
    <geometrixx-media/>
    <geometrixx-unlimited/>
    <geometrixx-gov/>
    <formsanddocuments/>
    <home/>
    <mc-share/>
    <_x002e_DS_Store/>
    <_x002e__.DS_Store/>
    <Berkeley/>
    <VMware/>
    <InDesign_x0020_Server_x0020_joboptions/>
    <Document_x0020_tests/>
    <projects/>
</jcr:root>
