<?xml version="1.0" encoding="UTF-8"?>
<jcr:root xmlns:sling="http://sling.apache.org/jcr/sling/1.0" xmlns:cq="http://www.day.com/jcr/cq/1.0" xmlns:jcr="http://www.jcp.org/jcr/1.0" xmlns:nt="http://www.jcp.org/jcr/nt/1.0"
    jcr:isCheckedOut="{Boolean}false"
    jcr:primaryType="cq:WorkflowModel"
    jcr:uuid="d541574a-3bbf-40a7-af12-ee0c8fa6fb35"
    sling:resourceType="cq/workflow/components/model"
    description="This workflow manages the update of assets and will also move PDF renditions to the source InDesign file folder, if the asset is an InDesign file."
    title="DAM Update Asset with PDF move">
    <metaData
        cq:lastModified="{Long}1442417459774"
        cq:lastModifiedBy="admin"
        jcr:primaryType="nt:unstructured"/>
    <nodes jcr:primaryType="nt:unstructured">
        <node0
            jcr:primaryType="cq:WorkflowNode"
            title="Start"
            type="START">
            <metaData jcr:primaryType="nt:unstructured"/>
        </node0>
        <node1
            jcr:primaryType="cq:WorkflowNode"
            description="This process checks if the complete update process has to be executed. The workflow should terminate  eg. the asset got restored right before to make sure that trhe restored content is preserved."
            title="Continue updating?"
            type="PROCESS">
            <metaData
                jcr:primaryType="nt:unstructured"
                PROCESS="com.day.cq.dam.core.process.GateKeeperProcess"
                PROCESS_ARGS=""
                PROCESS_AUTO_ADVANCE="true"/>
        </node1>
        <node2
            jcr:primaryType="cq:WorkflowNode"
            description="A process to extract and import metadata, create references and apply processing profile, if the payload of the step is an asset or part of an asset."
            title="Metadata Processor"
            type="PROCESS">
            <metaData
                jcr:primaryType="nt:unstructured"
                PROCESS="com.day.cq.dam.core.process.MetadataProcessorProcess"
                PROCESS_AUTO_ADVANCE="true"/>
        </node2>
        <node3
            jcr:primaryType="cq:WorkflowNode"
            description="Dynamic Media On-Premise process to extract Image Info"
            title="Dynamic Media On-Premise extract image info"
            type="PROCESS">
            <metaData
                jcr:primaryType="nt:unstructured"
                PROCESS="com.day.cq.dam.s7dam.onprem.process.S7damExtractImageInfoProcess"
                PROCESS_AUTO_ADVANCE="true"/>
        </node3>
        <node4
            jcr:primaryType="cq:WorkflowNode"
            description="Dynamic Media On-Premise process to write out CSS assets to s7dam nfs mount for use with Scene7 Image Server."
            title="Dynamic Media On-Premise Process CSS"
            type="PROCESS">
            <metaData
                jcr:primaryType="nt:unstructured"
                PROCESS="com.day.cq.dam.s7dam.onprem.process.S7damCssProcess"
                PROCESS_AUTO_ADVANCE="true"/>
        </node4>
        <node5
            jcr:primaryType="cq:WorkflowNode"
            description="Generates the optimized cqdam.pyramid.tiff rendition for Dynamic Imaging if Dynamic Media is enabled."
            title="Create PTIFF Rendition (Dynamic Media)"
            type="PROCESS">
            <metaData
                jcr:primaryType="nt:unstructured"
                PROCESS="com.adobe.cq.dam.s7imaging.impl.is.CreatePTIFFProcess"
                PROCESS_AUTO_ADVANCE="true"/>
        </node5>
        <node6
            jcr:primaryType="cq:WorkflowNode"
            description="Extracts video poster frame"
            title="FFmpeg thumbnails"
            type="PROCESS">
            <metaData
                jcr:primaryType="nt:unstructured"
                PROCESS="com.day.cq.dam.video.FFMpegThumbnailProcess"
                PROCESS_ARGS="count:4,index:2,[140:100],[48:48],[319:319]"
                PROCESS_AUTO_ADVANCE="true"/>
        </node6>
        <node7
            jcr:primaryType="cq:WorkflowNode"
            description="Generate thumbnails for eps files using image magick"
            title="EPS thumbnails (powered by ImageMagick)"
            type="PROCESS">
            <metaData
                jcr:primaryType="nt:unstructured"
                COMMANDS="convert -define jpeg:size=319x319 ${filename} -thumbnail 319x319 cq5dam.thumbnail.319.319.png"
                MIME_TYPES="[image/eps,image/x-eps,application/postscript,application/eps,application/x-eps]"
                PROCESS="com.day.cq.dam.core.process.CommandLineProcess"
                PROCESS_AUTO_ADVANCE="true"
                THUMBNAILS="[48:48,140:100,319:319]"/>
        </node7>
        <node8
            jcr:primaryType="cq:WorkflowNode"
            description="Create web enabled video formats"
            title="FFmpeg transcoding"
            type="PROCESS">
            <metaData
                jcr:primaryType="nt:unstructured"
                PROCESS="com.day.cq.dam.video.FFMpegTranscodeProcess"
                PROCESS_ARGS="profile:firefoxhq,profile:hq,profile:flv,profile:iehq"
                PROCESS_AUTO_ADVANCE="true"/>
        </node8>
        <node9
            jcr:primaryType="cq:WorkflowNode"
            description="Indesign Media Extraction"
            title="Media Extraction"
            type="EXTERNAL_PROCESS">
            <metaData
                jcr:primaryType="nt:unstructured"
                advanceOnTimeout="true"
                EXTERNAL_PROCESS="com.day.cq.dam.indd.process.INDDMediaExtractProcess"
                libPath="/etc/dam/indesign/scripts/cq-lib.jsx"
                linkPath="/Links"
                period="10"
                PROCESS_ARGS="test"
                PROCESS_AUTO_ADVANCE="true"
                scriptPaths="[/etc/dam/indesign/scripts/ThumbnailExport.jsx,/etc/dam/indesign/scripts/XHTMLExport.jsx,/etc/dam/indesign/scripts/IDMLExport.jsx,/etc/dam/indesign/scripts/JPEGPagesExport.jsx,/etc/dam/indesign/scripts/XMLExport.jsx,/etc/dam/indesign/scripts/PDFExport_Print.jsx,/etc/dam/indesign/scripts/PDFExport_Web.jsx]"
                timeout="3600"/>
        </node9>
        <node10
            jcr:primaryType="cq:WorkflowNode"
            title="Move PDFs from Renditions"
            type="PROCESS">
            <metaData
                jcr:primaryType="nt:unstructured"
                PROCESS="/etc/workflow/scripts/move-pdf-renditions.ecma"
                PROCESS_AUTO_ADVANCE="true"/>
        </node10>
        <node11
            jcr:primaryType="cq:WorkflowNode"
            description="This process will fragment an asset in its subassets"
            title="Create Sub Asset"
            type="PROCESS">
            <metaData
                jcr:primaryType="nt:unstructured"
                PROCESS="com.day.cq.dam.core.process.CreateSubAssetsProcess"
                PROCESS_AUTO_ADVANCE="true"/>
        </node11>
        <node12
            jcr:primaryType="cq:WorkflowNode"
            description="This step will check for the thumbnail existence. It will create new thumbnails from thumbnail.jpg rendition"
            title="INDD Verify Thumbnail"
            type="PROCESS">
            <metaData
                jcr:primaryType="nt:unstructured"
                PROCESS="com.day.cq.dam.indd.process.INDDCreateThumbnailProcess"
                PROCESS_ARGS="\[140:100],[48:48],[319:319]"
                PROCESS_AUTO_ADVANCE="true"/>
        </node12>
        <node13
            jcr:primaryType="cq:WorkflowNode"
            description="InDesign Page Extraction"
            title="Page Extraction"
            type="PROCESS">
            <metaData
                jcr:primaryType="nt:unstructured"
                extractionHandler="com.day.cq.dam.indd.impl.idml.IDMLExtractionHandler"
                pageDesign="/etc/designs/geometrixx"
                pageTemplate="/apps/geometrixx/templates/contentpage"
                pageTitle="IDML Extraction"
                PROCESS="com.day.cq.dam.indd.process.INDDPageExtractProcess"
                PROCESS_AUTO_ADVANCE="true"/>
        </node13>
        <node14
            jcr:primaryType="cq:WorkflowNode"
            description="Uploads and processes videos through the Adobe Dynamic Media Video Service."
            title="Dynamic Media Video Service Process"
            type="PROCESS">
            <metaData
                jcr:primaryType="nt:unstructured"
                CONFIGS="[160:90,48:27,320:180]"
                PROCESS="com.day.cq.dam.s7dam.common.process.VideoProxyServiceProcess"
                PROCESS_AUTO_ADVANCE="true"/>
        </node14>
        <node15
            jcr:primaryType="cq:WorkflowNode"
            description="This process will create one or more thumbnails for the asset, create web enabled rendition and update folder thumbnail."
            title="Process Thumbnails"
            type="PROCESS">
            <metaData
                jcr:primaryType="nt:unstructured"
                CONFIGS="[140:100:false,48:48:false,319:319:false]"
                HEIGHT="1280"
                MIME_TYPE="image/jpeg"
                PROCESS="com.day.cq.dam.core.process.ThumbnailProcess"
                PROCESS_AUTO_ADVANCE="true"
                QUALITY="90"
                SKIP="[audio/mpeg,video/(.*)]"
                WIDTH="1280"/>
        </node15>
        <node16
            jcr:primaryType="cq:WorkflowNode"
            description="Dynamic Media On-Premise apply image profile"
            title="Dynamic Media On-Premise Apply Image Profile"
            type="PROCESS">
            <metaData
                jcr:primaryType="nt:unstructured"
                PROCESS="com.day.cq.dam.s7dam.onprem.process.ApplyImageProfileProcess"
                PROCESS_AUTO_ADVANCE="true"/>
        </node16>
        <node17
            jcr:primaryType="cq:WorkflowNode"
            description="This process will extract and upload the product assets"
            title="Product Asset Upload"
            type="PROCESS">
            <metaData
                jcr:primaryType="nt:unstructured"
                PROCESS="com.day.cq.dam.pim.impl.sourcing.upload.process.ProductAssetsUploadProcess"
                PROCESS_AUTO_ADVANCE="true"/>
        </node17>
        <node18
            jcr:primaryType="cq:WorkflowNode"
            title="End"
            type="END">
            <metaData jcr:primaryType="nt:unstructured"/>
        </node18>
    </nodes>
    <transitions jcr:primaryType="nt:unstructured">
        <node0_x0023_node1
            jcr:primaryType="cq:WorkflowTransition"
            from="node0"
            rule=""
            to="node1">
            <metaData jcr:primaryType="nt:unstructured"/>
        </node0_x0023_node1>
        <node1_x0023_node2
            jcr:primaryType="cq:WorkflowTransition"
            from="node1"
            rule=""
            to="node2">
            <metaData jcr:primaryType="nt:unstructured"/>
        </node1_x0023_node2>
        <node2_x0023_node3
            jcr:primaryType="cq:WorkflowTransition"
            from="node2"
            rule=""
            to="node3">
            <metaData jcr:primaryType="nt:unstructured"/>
        </node2_x0023_node3>
        <node3_x0023_node4
            jcr:primaryType="cq:WorkflowTransition"
            from="node3"
            rule=""
            to="node4">
            <metaData jcr:primaryType="nt:unstructured"/>
        </node3_x0023_node4>
        <node4_x0023_node5
            jcr:primaryType="cq:WorkflowTransition"
            from="node4"
            rule=""
            to="node5">
            <metaData jcr:primaryType="nt:unstructured"/>
        </node4_x0023_node5>
        <node5_x0023_node6
            jcr:primaryType="cq:WorkflowTransition"
            from="node5"
            rule=""
            to="node6">
            <metaData jcr:primaryType="nt:unstructured"/>
        </node5_x0023_node6>
        <node6_x0023_node7
            jcr:primaryType="cq:WorkflowTransition"
            from="node6"
            rule=""
            to="node7">
            <metaData jcr:primaryType="nt:unstructured"/>
        </node6_x0023_node7>
        <node7_x0023_node8
            jcr:primaryType="cq:WorkflowTransition"
            from="node7"
            rule=""
            to="node8">
            <metaData jcr:primaryType="nt:unstructured"/>
        </node7_x0023_node8>
        <node8_x0023_node9
            jcr:primaryType="cq:WorkflowTransition"
            from="node8"
            rule=""
            to="node9">
            <metaData jcr:primaryType="nt:unstructured"/>
        </node8_x0023_node9>
        <node9_x0023_node10
            jcr:primaryType="cq:WorkflowTransition"
            from="node9"
            rule=""
            to="node10">
            <metaData jcr:primaryType="nt:unstructured"/>
        </node9_x0023_node10>
        <node10_x0023_node11
            jcr:primaryType="cq:WorkflowTransition"
            from="node10"
            rule=""
            to="node11">
            <metaData jcr:primaryType="nt:unstructured"/>
        </node10_x0023_node11>
        <node11_x0023_node12
            jcr:primaryType="cq:WorkflowTransition"
            from="node11"
            rule=""
            to="node12">
            <metaData jcr:primaryType="nt:unstructured"/>
        </node11_x0023_node12>
        <node12_x0023_node13
            jcr:primaryType="cq:WorkflowTransition"
            from="node12"
            rule=""
            to="node13">
            <metaData jcr:primaryType="nt:unstructured"/>
        </node12_x0023_node13>
        <node13_x0023_node14
            jcr:primaryType="cq:WorkflowTransition"
            from="node13"
            rule=""
            to="node14">
            <metaData jcr:primaryType="nt:unstructured"/>
        </node13_x0023_node14>
        <node14_x0023_node15
            jcr:primaryType="cq:WorkflowTransition"
            from="node14"
            rule=""
            to="node15">
            <metaData jcr:primaryType="nt:unstructured"/>
        </node14_x0023_node15>
        <node15_x0023_node16
            jcr:primaryType="cq:WorkflowTransition"
            from="node15"
            rule=""
            to="node16">
            <metaData jcr:primaryType="nt:unstructured"/>
        </node15_x0023_node16>
        <node16_x0023_node17
            jcr:primaryType="cq:WorkflowTransition"
            from="node16"
            rule=""
            to="node17">
            <metaData jcr:primaryType="nt:unstructured"/>
        </node16_x0023_node17>
        <node17_x0023_node18
            jcr:primaryType="cq:WorkflowTransition"
            from="node17"
            to="node18">
            <metaData jcr:primaryType="nt:unstructured"/>
        </node17_x0023_node18>
    </transitions>
</jcr:root>
